<project name="Shared Rhythmyx 6 Solution Install" default="importMe" basedir=".">
	<description>
		Shared Rhythmyx Solution Install properties
    </description>
	<property environment="env"/>
	<!-- base directory of Rhythmyx installation -->
	<property name="rhythmyx.home" location="${env.RHYTHMYX_HOME}"/>
	<property name="rhythmyx.WEB-INF" value="${rhythmyx.home}/AppServer/server/rx/deploy/rxapp.ear/rxapp.war/WEB-INF"/>
	<property name="rhythmyx.war" value="${rhythmyx.home}/AppServer/server/rx/deploy/rxapp.ear/rxapp.war" />
	<property name="rhythmyx.jsp" value="${rhythmyx.home}/AppServer/server/rx/deploy/rxapp.ear/rxapp.war/user/pages" />
	<property name="rhythmyx.js" value="${rhythmyx.home}/rx_resources/js"/>
	<property name="rhythmyx.vm" value="${rhythmyx.home}/rx_resources/vm"/>
	<property name="rhythmyx.lib" value="${rhythmyx.WEB-INF}/lib"/>
	<property name="rhythmyx.pub" value="${rhythmyx.home}/AppServer/server/rx/deploy/RxServices.war"/>
	<property name="rhythmyx.pub.lib" value="${rhythmyx.home}/AppServer/server/rx/deploy/RxServices.war/WEB-INF/lib"/>
	<property name="rhythmyx.pub.WEB-INF" value="${rhythmyx.pub}/WEB-INF"/>
	<!-- relative paths -->
	<property name="lib" location="lib"/>
	<property name="lib-js" location="lib-js"/>
	
	<target name="rx">
		<available file="${rhythmyx.home}" type="dir" property="rhythmyx.home.found" />
		<fail unless="rhythmyx.home.found" message="You must set the RHYTHMYX_HOME environment variable"/>
		<!-- determine if the environment is a build or install -->
		<available file="${basedir}/build" type="dir" property="env-build" />
	</target>
	
	<target name="jarcopy-build" if="env-build" depends="rx" description="copy the jar file" >
		<echo message="Copying jars from build directory"/>
		<property name="no-jarcopy-deploy" value="true" />
		<copy todir="${rhythmyx.lib}" verbose="true">
			<fileset dir="build/jars" includes="*.jar" />
		</copy>
	</target>
	
	<target name="jarcopy-deploy" unless="env-build" depends="rx">
		<echo message="Copying jars from lib directory ${lib}"/>
		<copy todir="${rhythmyx.lib}" verbose="true">
			<fileset dir="${lib}" includes="*.jar" />
		</copy>
	</target>
	
	<target name="jarcopy" unless="no-jarcopy" depends="rx,jarcopy-build,jarcopy-deploy">
	</target>

	<target name="vm" depends="rx" description="User Velocity Macro files">
		<copy todir="${rhythmyx.vm}" verbose="true">
			<fileset dir="rx/rx_resources/vm">
				<exclude name="sys_assembly.vm"/>
				<exclude name="rx_assembly.vm"/>
				<include name="*.vm" />
			</fileset>
		</copy>
	</target>
		
	<target name="js" depends="rx" description="User javascript">
		<copy todir="${rhythmyx.js}" verbose="true">
			<fileset dir="pages">
				<include name="**.js" />
			</fileset>
		</copy>
	</target>
		
	<target name="jsp" depends="rx" description="User jsp pages">
		<copy todir="${rhythmyx.jsp}" verbose="true">
			<fileset dir="rx/pages">
				<include name="*.jsp" />
			</fileset>
		</copy>
	</target>
	
		
	<target name="spring" depends="rx" description="webinf">
		<copy todir="${rhythmyx.WEB-INF}/config/user/spring" verbose="true">
			<fileset dir="rx/rxapp.war/WEB-INF/config/user/spring">
				<include name="**.xml" />
			</fileset>
		</copy>
		<mkdir dir="${rhythmyx.WEB-INF}/config/solution/spring" />
		<copy todir="${rhythmyx.WEB-INF}/config/solution/spring" verbose="true">
			<fileset dir="rx/rxapp.war/WEB-INF/config/solution/spring">
				<include name="**.xml" />
			</fileset>
		</copy>
	</target>
	
	<target name="noInstallExtensions">
		<property name="noInstallExtensions" value="true"/>
	</target>
		
	<target name="installExtensions" depends="rx" unless="noInstallExtensions">
		<echo>Installing Extensions to ${rhythmyx.home}</echo>
		<java classname="com.percussion.util.PSExtensionInstallTool" fork="true">
			<arg value="${rhythmyx.home}"/>
			<arg value="${basedir}"/>
			<classpath>
			    <fileset dir="${rhythmyx.lib}">
			    	<include name="rxserver.jar"/>
			    	<include name="rxclient.jar"/> 
			    	<include name="rxutils.jar" />
			    	<include name="rxservices.jar" />
			    	<include name="commons-lang*.jar"/> 
			    	<include name="jcr*.jar" /> 
			    	<include name="commons-logging*.jar" /> 
			    	<include name="commons-collections*.jar" /> 
			    	<include name="commons-httpclient*.jar" /> 
				</fileset>
			    <fileset dir="${rhythmyx.home}/AppServer/lib/endorsed" >
				    <include name="xml-apis.jar" />
			    </fileset>
				<fileset dir="${rhythmyx.home}/AppServer/server/rx/lib">
					<include name="javax.servlet.jar" /> 
		    	</fileset>				
			</classpath>	
		</java>
	</target>
	
	<target name="spring-pub">
		<mkdir dir="${rhythmyx.pub.WEB-INF}/config/spring"/>
		<copy todir="${rhythmyx.pub.WEB-INF}/config/spring" verbose="true">
			<fileset dir="rx/RxServices.war/WEB-INF/config/spring">
				<include name="**.xml" />
			</fileset>
		</copy>
	</target>
	
	<target name="importMe">
		<fail message="Dont run this ant script. Import it into the real deploy and make sure to depend on the rx task."/>
	</target>

</project>
